evidence_layer,circuit,gender,format,surface,count,model_status,note
API_TENNIS_EXACT_DAY_FORMAT,ATP_MAIN,MEN,SINGLES,UNRESOLVED_IN_THIS_AUDIT,17,MISSING_SEPARATE_GOVERNED_MODEL,Atp Singles
API_TENNIS_EXACT_DAY_FORMAT,ATP_CHALLENGER,MEN,DOUBLES,UNRESOLVED_IN_THIS_AUDIT,30,MISSING_SEPARATE_GOVERNED_MODEL,Challenger Men Doubles
API_TENNIS_EXACT_DAY_FORMAT,ATP_CHALLENGER,MEN,SINGLES,UNRESOLVED_IN_THIS_AUDIT,30,EXISTS_ONLY_IF_HARD_OR_INDOOR_HARD,Challenger Men Singles
API_TENNIS_EXACT_DAY_FORMAT,WTA_CHALLENGER_OR_125,WOMEN,DOUBLES,UNRESOLVED_IN_THIS_AUDIT,9,MISSING_SEPARATE_GOVERNED_MODEL,Challenger Women Doubles
API_TENNIS_EXACT_DAY_FORMAT,WTA_CHALLENGER_OR_125,WOMEN,SINGLES,UNRESOLVED_IN_THIS_AUDIT,12,MISSING_SEPARATE_GOVERNED_MODEL,Challenger Women Singles
API_TENNIS_EXACT_DAY_FORMAT,ITF_MEN,MEN,DOUBLES,UNRESOLVED_IN_THIS_AUDIT,28,MISSING_SEPARATE_GOVERNED_MODEL,Itf Men Doubles
API_TENNIS_EXACT_DAY_FORMAT,ITF_MEN,MEN,SINGLES,UNRESOLVED_IN_THIS_AUDIT,128,MISSING_SEPARATE_GOVERNED_MODEL,Itf Men Singles
API_TENNIS_EXACT_DAY_FORMAT,ITF_WOMEN,WOMEN,DOUBLES,UNRESOLVED_IN_THIS_AUDIT,61,MISSING_SEPARATE_GOVERNED_MODEL,Itf Women Doubles
API_TENNIS_EXACT_DAY_FORMAT,ITF_WOMEN,WOMEN,SINGLES,UNRESOLVED_IN_THIS_AUDIT,163,MISSING_SEPARATE_GOVERNED_MODEL,Itf Women Singles
API_TENNIS_EXACT_DAY_FORMAT,WTA_MAIN,WOMEN,DOUBLES,UNRESOLVED_IN_THIS_AUDIT,5,MISSING_SEPARATE_GOVERNED_MODEL,Wta Doubles
API_TENNIS_EXACT_DAY_FORMAT,WTA_MAIN,WOMEN,SINGLES,UNRESOLVED_IN_THIS_AUDIT,4,MISSING_SEPARATE_GOVERNED_MODEL,Wta Singles
RAPIDAPI_SAME_DAY_SURFACE,ATP_CHALLENGER,,DOUBLES,CLAY,10,MISSING_SEPARATE_GOVERNED_MODEL,"Structured surface evidence; provider-specific coverage, not world denominator."
RAPIDAPI_SAME_DAY_SURFACE,ATP_CHALLENGER,,DOUBLES,HARD,9,MISSING_SEPARATE_GOVERNED_MODEL,"Structured surface evidence; provider-specific coverage, not world denominator."
RAPIDAPI_SAME_DAY_SURFACE,ATP_CHALLENGER,,SINGLES,CLAY,21,MISSING_SEPARATE_GOVERNED_MODEL,"Structured surface evidence; provider-specific coverage, not world denominator."
RAPIDAPI_SAME_DAY_SURFACE,ATP_CHALLENGER,,SINGLES,HARD,5,EXISTING_R218_R223_COR0203,"Structured surface evidence; provider-specific coverage, not world denominator."
RAPIDAPI_SAME_DAY_SURFACE,ATP_MAIN_OR_OTHER,,SINGLES,HARD,11,MISSING_SEPARATE_GOVERNED_MODEL,"Structured surface evidence; provider-specific coverage, not world denominator."
RAPIDAPI_SAME_DAY_SURFACE,ITF_MEN,,SINGLES,CLAY,34,MISSING_SEPARATE_GOVERNED_MODEL,"Structured surface evidence; provider-specific coverage, not world denominator."
RAPIDAPI_SAME_DAY_SURFACE,ITF_MEN,,SINGLES,HARD,63,MISSING_SEPARATE_GOVERNED_MODEL,"Structured surface evidence; provider-specific coverage, not world denominator."
RAPIDAPI_SAME_DAY_SURFACE,ITF_MEN,,SINGLES,I.HARD,18,MISSING_SEPARATE_GOVERNED_MODEL,"Structured surface evidence; provider-specific coverage, not world denominator."
RAPIDAPI_SAME_DAY_SURFACE,ITF_WOMEN,,SINGLES,CLAY,60,MISSING_SEPARATE_GOVERNED_MODEL,"Structured surface evidence; provider-specific coverage, not world denominator."
RAPIDAPI_SAME_DAY_SURFACE,ITF_WOMEN,,SINGLES,HARD,72,MISSING_SEPARATE_GOVERNED_MODEL,"Structured surface evidence; provider-specific coverage, not world denominator."
RAPIDAPI_SAME_DAY_SURFACE,ITF_WOMEN,,SINGLES,I.HARD,9,MISSING_SEPARATE_GOVERNED_MODEL,"Structured surface evidence; provider-specific coverage, not world denominator."
RAPIDAPI_SAME_DAY_SURFACE,WTA_MAIN_OR_OTHER,,DOUBLES,HARD,9,MISSING_SEPARATE_GOVERNED_MODEL,"Structured surface evidence; provider-specific coverage, not world denominator."
RAPIDAPI_SAME_DAY_SURFACE,WTA_MAIN_OR_OTHER,,SINGLES,HARD,11,MISSING_SEPARATE_GOVERNED_MODEL,"Structured surface evidence; provider-specific coverage, not world denominator."
