sport,competition_id,competition_name,season,market,scope,strength_class,classification_reason,prospective_n,delta_brier,delta_log_loss,model_mutation_allowed,cell_used_to_generate_probability
FOOTBALL,ALL,ALL_COMPETITIONS,MIXED,OVER_2_5,GLOBAL_MARKET,STRONG,BOTH_PROPER_SCORES_BETTER_AND_95CI_FAVORABLE,791,-0.0032041285520542084,-0.00796364512017178,False,False
FOOTBALL,ALL,ALL_COMPETITIONS,MIXED,1X2,GLOBAL_MARKET,DEVELOPING,TRACKING_SAMPLE_WITHOUT_DECISIVE_STRONG_OR_NO_GO_EVIDENCE,791,-0.015236145564736514,-0.017938221848484037,False,False
FOOTBALL,ALL,ALL_COMPETITIONS,MIXED,PLAYER_SHOTS_V3,GLOBAL_MARKET,DEVELOPING,HISTORICAL_OOS_PASS_PROSPECTIVE_SAMPLE_NOT_MATURE,0,-0.004678884414550555,-0.014712657039817056,False,False
FOOTBALL,ALL,ALL_COMPETITIONS,MIXED,TEAM_FOULS_TOTAL,GLOBAL_MARKET,DEVELOPING,HISTORICAL_OOS_PASS_PROSPECTIVE_SAMPLE_NOT_MATURE,0,,,False,False
FOOTBALL,ALL,ALL_COMPETITIONS,MIXED,TEAM_TOTAL_SHOTS_AWAY,GLOBAL_MARKET,DEVELOPING,HISTORICAL_OOS_PASS_PROSPECTIVE_SAMPLE_NOT_MATURE,0,,,False,False
FOOTBALL,ALL,ALL_COMPETITIONS,MIXED,TEAM_TOTAL_SHOTS_HOME,GLOBAL_MARKET,DEVELOPING,HISTORICAL_OOS_PASS_PROSPECTIVE_SAMPLE_NOT_MATURE,0,,,False,False
FOOTBALL,536,CONCACAF Nations League,2025,1X2,COMPETITION,DEVELOPING,TRACKING_SAMPLE_WITHOUT_DECISIVE_STRONG_OR_NO_GO_EVIDENCE,15,-0.009607092275295437,0.02779437252797623,False,False
FOOTBALL,536,CONCACAF Nations League,2025,OVER_2_5,COMPETITION,DEVELOPING,TRACKING_SAMPLE_WITHOUT_DECISIVE_STRONG_OR_NO_GO_EVIDENCE,15,0.00280305241300427,0.007361476345622453,False,False
FOOTBALL,111,FAW Championship,2026,1X2,COMPETITION,DEVELOPING,TRACKING_SAMPLE_WITHOUT_DECISIVE_STRONG_OR_NO_GO_EVIDENCE,16,0.01566015316387226,0.026795795755232277,False,False
FOOTBALL,111,FAW Championship,2026,OVER_2_5,COMPETITION,DEVELOPING,TRACKING_SAMPLE_WITHOUT_DECISIVE_STRONG_OR_NO_GO_EVIDENCE,16,-0.00700014425728307,-0.015666640905265594,False,False
FOOTBALL,10,Friendlies,2026,1X2,COMPETITION,DEVELOPING,TRACKING_SAMPLE_WITHOUT_DECISIVE_STRONG_OR_NO_GO_EVIDENCE,17,0.030539773252381885,0.025174550900965098,False,False
FOOTBALL,10,Friendlies,2026,OVER_2_5,COMPETITION,DEVELOPING,TRACKING_SAMPLE_WITHOUT_DECISIVE_STRONG_OR_NO_GO_EVIDENCE,17,0.0018429787203072534,0.004814915437511114,False,False
FOOTBALL,667,Friendlies Clubs,2026,1X2,COMPETITION,DEVELOPING,TRACKING_SAMPLE_WITHOUT_DECISIVE_STRONG_OR_NO_GO_EVIDENCE,110,-0.009984200624958528,-0.0026806440728430747,False,False
FOOTBALL,667,Friendlies Clubs,2026,OVER_2_5,COMPETITION,DEVELOPING,TRACKING_SAMPLE_WITHOUT_DECISIVE_STRONG_OR_NO_GO_EVIDENCE,110,-0.008441823196210146,-0.01790853376582302,False,False
FOOTBALL,43,National League,2026,1X2,COMPETITION,DEVELOPING,TRACKING_SAMPLE_WITHOUT_DECISIVE_STRONG_OR_NO_GO_EVIDENCE,21,0.012736442339622234,0.02042157062112382,False,False
FOOTBALL,43,National League,2026,OVER_2_5,COMPETITION,DEVELOPING,TRACKING_SAMPLE_WITHOUT_DECISIVE_STRONG_OR_NO_GO_EVIDENCE,21,-0.003457930444689117,-0.007289896095520998,False,False
FOOTBALL,931,Non League Premier - Southern Central,2026,1X2,COMPETITION,DEVELOPING,TRACKING_SAMPLE_WITHOUT_DECISIVE_STRONG_OR_NO_GO_EVIDENCE,15,0.009574441997944771,0.01798237147045323,False,False
FOOTBALL,931,Non League Premier - Southern Central,2026,OVER_2_5,COMPETITION,DEVELOPING,TRACKING_SAMPLE_WITHOUT_DECISIVE_STRONG_OR_NO_GO_EVIDENCE,15,-0.005881734941444894,-0.010626029950724702,False,False
FOOTBALL,5,UEFA Nations League,2026,1X2,COMPETITION,DEVELOPING,TRACKING_SAMPLE_WITHOUT_DECISIVE_STRONG_OR_NO_GO_EVIDENCE,30,0.021954199734325663,0.03971312624189016,False,False
FOOTBALL,5,UEFA Nations League,2026,OVER_2_5,COMPETITION,DEVELOPING,TRACKING_SAMPLE_WITHOUT_DECISIVE_STRONG_OR_NO_GO_EVIDENCE,30,-0.0035280865542857975,-0.007669216512716459,False,False
FOOTBALL,510,1. Liga Promotion,2026,1X2,COMPETITION,INSUFFICIENT_DATA,N_BELOW_15,7,-0.06964985394390855,-0.14252002864517122,False,False
FOOTBALL,510,1. Liga Promotion,2026,OVER_2_5,COMPETITION,INSUFFICIENT_DATA,N_BELOW_15,7,0.0066150074570924255,0.013144051678950719,False,False
FOOTBALL,316,1st League - FBiH,2026,1X2,COMPETITION,INSUFFICIENT_DATA,N_BELOW_15,8,0.004238709727336976,0.0004606051806193001,False,False
FOOTBALL,316,1st League - FBiH,2026,OVER_2_5,COMPETITION,INSUFFICIENT_DATA,N_BELOW_15,8,0.007233419430221599,0.015640507667884163,False,False
FOOTBALL,317,1st League - RS,2026,1X2,COMPETITION,INSUFFICIENT_DATA,N_BELOW_15,7,-0.1671821608976748,-0.27747917269948896,False,False
FOOTBALL,317,1st League - RS,2026,OVER_2_5,COMPETITION,INSUFFICIENT_DATA,N_BELOW_15,7,0.008159730513035424,0.017572047821229897,False,False
FOOTBALL,122,2. Division,2026,1X2,COMPETITION,INSUFFICIENT_DATA,N_BELOW_15,3,0.005342173296304598,0.023230958545111813,False,False
FOOTBALL,122,2. Division,2026,OVER_2_5,COMPETITION,INSUFFICIENT_DATA,N_BELOW_15,3,0.002935639512717414,0.00514004496418019,False,False
FOOTBALL,1034,2. Frauen Bundesliga,2026,1X2,COMPETITION,INSUFFICIENT_DATA,N_BELOW_15,6,0.16021319443193005,0.4151140150437993,False,False
FOOTBALL,1034,2. Frauen Bundesliga,2026,OVER_2_5,COMPETITION,INSUFFICIENT_DATA,N_BELOW_15,6,0.0137454470870714,0.028916479126525285,False,False
FOOTBALL,374,2. SNL,2026,1X2,COMPETITION,INSUFFICIENT_DATA,N_BELOW_15,1,-0.1875424208379469,-0.29236396758043004,False,False
FOOTBALL,374,2. SNL,2026,OVER_2_5,COMPETITION,INSUFFICIENT_DATA,N_BELOW_15,1,0.03657067203967694,0.08360132470789156,False,False
FOOTBALL,506,2. liga,2026,1X2,COMPETITION,INSUFFICIENT_DATA,N_BELOW_15,1,0.3482160630908435,0.5825157878212319,False,False
FOOTBALL,506,2. liga,2026,OVER_2_5,COMPETITION,INSUFFICIENT_DATA,N_BELOW_15,1,0.0664923766513813,0.13646315052610591,False,False
FOOTBALL,777,3. Division - Girone 4,2026,1X2,COMPETITION,INSUFFICIENT_DATA,N_BELOW_15,1,0.08432326888843678,0.044544939759122215,False,False
FOOTBALL,777,3. Division - Girone 4,2026,OVER_2_5,COMPETITION,INSUFFICIENT_DATA,N_BELOW_15,1,0.011860994792527578,0.040756605135474994,False,False
FOOTBALL,779,3. Division - Girone 6,2026,1X2,COMPETITION,INSUFFICIENT_DATA,N_BELOW_15,1,-0.2502639728944242,-0.3626673756221528,False,False
FOOTBALL,779,3. Division - Girone 6,2026,OVER_2_5,COMPETITION,INSUFFICIENT_DATA,N_BELOW_15,1,-0.0437931753324865,-0.1442439472574133,False,False
FOOTBALL,685,3. liga - CFL B,2026,1X2,COMPETITION,INSUFFICIENT_DATA,N_BELOW_15,6,0.053303200727475075,0.10577088119337263,False,False
FOOTBALL,685,3. liga - CFL B,2026,OVER_2_5,COMPETITION,INSUFFICIENT_DATA,N_BELOW_15,6,-0.02328692450065506,-0.05102430628161514,False,False
FOOTBALL,351,4. liga - Divizie B,2026,1X2,COMPETITION,INSUFFICIENT_DATA,N_BELOW_15,7,-0.002838915760072336,-0.0023705495305581525,False,False
FOOTBALL,351,4. liga - Divizie B,2026,OVER_2_5,COMPETITION,INSUFFICIENT_DATA,N_BELOW_15,7,-0.00975008121551954,-0.023395870638180383,False,False
FOOTBALL,36,Africa Cup of Nations - Qualification,2027,1X2,COMPETITION,INSUFFICIENT_DATA,N_BELOW_15,3,0.04113800356849601,0.04960335157991391,False,False
FOOTBALL,36,Africa Cup of Nations - Qualification,2027,OVER_2_5,COMPETITION,INSUFFICIENT_DATA,N_BELOW_15,3,-0.013889962346274765,-0.029536941502140035,False,False
FOOTBALL,1245,Asian Games Women,2026,1X2,COMPETITION,INSUFFICIENT_DATA,N_BELOW_15,1,0.2984306591934557,0.3302415817633796,False,False
FOOTBALL,1245,Asian Games Women,2026,OVER_2_5,COMPETITION,INSUFFICIENT_DATA,N_BELOW_15,1,-0.10264781707745507,-0.26942951228277034,False,False
FOOTBALL,407,Championship,2026,1X2,COMPETITION,INSUFFICIENT_DATA,N_BELOW_15,7,0.02923451238496877,0.04276117122238299,False,False
FOOTBALL,407,Championship,2026,OVER_2_5,COMPETITION,INSUFFICIENT_DATA,N_BELOW_15,7,0.0005646472737681207,4.290550467667131e-05,False,False
FOOTBALL,130,Copa Argentina,2026,1X2,COMPETITION,INSUFFICIENT_DATA,N_BELOW_15,1,-0.3726815218529557,-0.5325049744530271,False,False
FOOTBALL,130,Copa Argentina,2026,OVER_2_5,COMPETITION,INSUFFICIENT_DATA,N_BELOW_15,1,0.0244211101144316,0.05219632790946549,False,False
FOOTBALL,964,Copa de la División Profesional,2026,1X2,COMPETITION,INSUFFICIENT_DATA,N_BELOW_15,6,-0.08232513995914281,-0.07368383050801952,False,False
FOOTBALL,964,Copa de la División Profesional,2026,OVER_2_5,COMPETITION,INSUFFICIENT_DATA,N_BELOW_15,6,-0.04019585425134836,-0.09879122305152954,False,False
FOOTBALL,92,Derde Divisie,2026,1X2,COMPETITION,INSUFFICIENT_DATA,N_BELOW_15,14,-0.047002290980454,-0.09539502458935523,False,False
FOOTBALL,92,Derde Divisie,2026,OVER_2_5,COMPETITION,INSUFFICIENT_DATA,N_BELOW_15,14,-0.009807655618437883,-0.030804186324423055,False,False
FOOTBALL,596,Division 2 - Västra Götaland,2026,1X2,COMPETITION,INSUFFICIENT_DATA,N_BELOW_15,4,-0.03710995604781553,-0.07164684192161452,False,False
FOOTBALL,596,Division 2 - Västra Götaland,2026,OVER_2_5,COMPETITION,INSUFFICIENT_DATA,N_BELOW_15,4,-0.0024092789539153503,-0.006266997085039194,False,False
FOOTBALL,251,Division Intermedia,2026,1X2,COMPETITION,INSUFFICIENT_DATA,N_BELOW_15,2,-0.02815539768121711,-0.050353225428736326,False,False
FOOTBALL,251,Division Intermedia,2026,OVER_2_5,COMPETITION,INSUFFICIENT_DATA,N_BELOW_15,2,0.025527723664713398,0.05164148704093463,False,False
FOOTBALL,1196,Division One League,2026,1X2,COMPETITION,INSUFFICIENT_DATA,N_BELOW_15,1,-0.09415228216068217,-0.13304331822940585,False,False
FOOTBALL,1196,Division One League,2026,OVER_2_5,COMPETITION,INSUFFICIENT_DATA,N_BELOW_15,1,0.18345513924040813,0.39132774369485723,False,False
FOOTBALL,252,Division Profesional - Clausura,2026,1X2,COMPETITION,INSUFFICIENT_DATA,N_BELOW_15,2,0.08354090098122857,0.15393108415237844,False,False
FOOTBALL,252,Division Profesional - Clausura,2026,OVER_2_5,COMPETITION,INSUFFICIENT_DATA,N_BELOW_15,2,-0.0017744429084433633,-0.0035564801324130535,False,False
FOOTBALL,487,First Amateur Division,2026,1X2,COMPETITION,INSUFFICIENT_DATA,N_BELOW_15,10,-0.031509912604017365,-0.04947156325464208,False,False
FOOTBALL,487,First Amateur Division,2026,OVER_2_5,COMPETITION,INSUFFICIENT_DATA,N_BELOW_15,10,0.004488951383098905,0.012634582150176321,False,False
FOOTBALL,358,First Division,2026,1X2,COMPETITION,INSUFFICIENT_DATA,N_BELOW_15,5,0.07438456376102787,0.09521371685745272,False,False
FOOTBALL,358,First Division,2026,OVER_2_5,COMPETITION,INSUFFICIENT_DATA,N_BELOW_15,5,0.015637398031974947,0.03299894036301543,False,False
FOOTBALL,82,Frauen Bundesliga,2026,OVER_2_5,COMPETITION,INSUFFICIENT_DATA,RADAR_PRIORITY_WITHOUT_15_PROSPECTIVE_SETTLED_OBSERVATIONS,0,,,False,False
FOOTBALL,666,Friendlies Women,2026,1X2,COMPETITION,INSUFFICIENT_DATA,N_BELOW_15,2,-0.07293505403201611,-0.11148318746606933,False,False
FOOTBALL,666,Friendlies Women,2026,OVER_2_5,COMPETITION,INSUFFICIENT_DATA,N_BELOW_15,2,-0.01960102895280913,-0.04101532666679342,False,False
FOOTBALL,780,III Liga - Group 1,2026,1X2,COMPETITION,INSUFFICIENT_DATA,N_BELOW_15,7,0.042401711710733814,0.07479813410376335,False,False
FOOTBALL,780,III Liga - Group 1,2026,OVER_2_5,COMPETITION,INSUFFICIENT_DATA,N_BELOW_15,7,0.00017360595220816677,-0.0007293590815008466,False,False
FOOTBALL,781,III Liga - Group 2,2026,1X2,COMPETITION,INSUFFICIENT_DATA,N_BELOW_15,8,-0.008191666288220656,-0.023770788507281093,False,False
FOOTBALL,781,III Liga - Group 2,2026,OVER_2_5,COMPETITION,INSUFFICIENT_DATA,N_BELOW_15,8,-0.00453689361755405,-0.011886098502876696,False,False
FOOTBALL,782,III Liga - Group 3,2026,1X2,COMPETITION,INSUFFICIENT_DATA,N_BELOW_15,8,0.0983921926688126,0.12325834477086572,False,False
FOOTBALL,782,III Liga - Group 3,2026,OVER_2_5,COMPETITION,INSUFFICIENT_DATA,N_BELOW_15,8,0.008593738386849903,0.01799892813712156,False,False
FOOTBALL,99,J2 League,2026,1X2,COMPETITION,INSUFFICIENT_DATA,N_BELOW_15,7,-0.02014212534499593,-0.036472512794142875,False,False
FOOTBALL,99,J2 League,2026,OVER_2_5,COMPETITION,INSUFFICIENT_DATA,N_BELOW_15,7,-0.0014543659019410349,-0.006935423466279955,False,False
FOOTBALL,100,J3 League,2026,1X2,COMPETITION,INSUFFICIENT_DATA,N_BELOW_15,7,-0.01158720473222008,-0.037024186583350716,False,False
FOOTBALL,100,J3 League,2026,OVER_2_5,COMPETITION,INSUFFICIENT_DATA,N_BELOW_15,7,0.020465475075111705,0.040784617782353094,False,False
FOOTBALL,42,League Two,2026,1X2,COMPETITION,INSUFFICIENT_DATA,N_BELOW_15,8,-0.15020141254848174,-0.18319016367420127,False,False
FOOTBALL,42,League Two,2026,OVER_2_5,COMPETITION,INSUFFICIENT_DATA,N_BELOW_15,8,-0.013145615091781027,-0.02660938699343207,False,False
FOOTBALL,1195,Liga E Pare,2026,1X2,COMPETITION,INSUFFICIENT_DATA,N_BELOW_15,8,-0.03348755921093827,-0.03511703901605179,False,False
FOOTBALL,1195,Liga E Pare,2026,OVER_2_5,COMPETITION,INSUFFICIENT_DATA,N_BELOW_15,8,-0.014305480581566471,-0.02598850196407365,False,False
FOOTBALL,784,Liga III - Serie 1,2026,1X2,COMPETITION,INSUFFICIENT_DATA,N_BELOW_15,2,0.04378221122200182,0.014041224222647641,False,False
FOOTBALL,784,Liga III - Serie 1,2026,OVER_2_5,COMPETITION,INSUFFICIENT_DATA,N_BELOW_15,2,-0.009187289150491107,-0.018844894684924784,False,False
FOOTBALL,785,Liga III - Serie 2,2026,1X2,COMPETITION,INSUFFICIENT_DATA,N_BELOW_15,3,-0.009141521241982531,-0.047160763845675246,False,False
FOOTBALL,785,Liga III - Serie 2,2026,OVER_2_5,COMPETITION,INSUFFICIENT_DATA,N_BELOW_15,3,0.024338176776560805,0.05829724996716229,False,False
FOOTBALL,786,Liga III - Serie 3,2026,1X2,COMPETITION,INSUFFICIENT_DATA,N_BELOW_15,2,0.03659131370190105,0.10760779390124797,False,False
FOOTBALL,786,Liga III - Serie 3,2026,OVER_2_5,COMPETITION,INSUFFICIENT_DATA,N_BELOW_15,2,-0.02206478605676626,-0.05136100913827446,False,False
FOOTBALL,787,Liga III - Serie 4,2026,1X2,COMPETITION,INSUFFICIENT_DATA,N_BELOW_15,3,0.1568821982413341,0.374378240517244,False,False
FOOTBALL,787,Liga III - Serie 4,2026,OVER_2_5,COMPETITION,INSUFFICIENT_DATA,N_BELOW_15,3,0.014508820506943465,0.022522453970973966,False,False
FOOTBALL,788,Liga III - Serie 5,2026,1X2,COMPETITION,INSUFFICIENT_DATA,N_BELOW_15,5,-0.012355020892311885,0.0011620850099256508,False,False
FOOTBALL,788,Liga III - Serie 5,2026,OVER_2_5,COMPETITION,INSUFFICIENT_DATA,N_BELOW_15,5,0.0011200322379637528,0.005408260652113528,False,False
FOOTBALL,789,Liga III - Serie 6,2026,1X2,COMPETITION,INSUFFICIENT_DATA,N_BELOW_15,4,-0.07833331183218772,-0.0907860384956991,False,False
FOOTBALL,789,Liga III - Serie 6,2026,OVER_2_5,COMPETITION,INSUFFICIENT_DATA,N_BELOW_15,4,0.018873741007012862,0.040311517700375776,False,False
FOOTBALL,790,Liga III - Serie 7,2026,1X2,COMPETITION,INSUFFICIENT_DATA,N_BELOW_15,2,0.03270916954027869,0.08970623480070872,False,False
FOOTBALL,790,Liga III - Serie 7,2026,OVER_2_5,COMPETITION,INSUFFICIENT_DATA,N_BELOW_15,2,-0.013357363061667682,-0.04150654670343967,False,False
FOOTBALL,791,Liga III - Serie 8,2026,1X2,COMPETITION,INSUFFICIENT_DATA,N_BELOW_15,4,0.010076331132626626,0.009433087857552369,False,False
FOOTBALL,791,Liga III - Serie 8,2026,OVER_2_5,COMPETITION,INSUFFICIENT_DATA,N_BELOW_15,4,0.00143316842830421,0.0014636741360755101,False,False
FOOTBALL,382,Liga Leumit,2026,1X2,COMPETITION,INSUFFICIENT_DATA,N_BELOW_15,4,-0.08287407213095932,-0.1462788718589193,False,False
FOOTBALL,382,Liga Leumit,2026,OVER_2_5,COMPETITION,INSUFFICIENT_DATA,N_BELOW_15,4,0.0390839882114343,0.08711785691681334,False,False
FOOTBALL,673,Liga MX Femenil,2026,1X2,COMPETITION,INSUFFICIENT_DATA,N_BELOW_15,7,-0.0061929902498136236,0.07070779194126953,False,False
FOOTBALL,673,Liga MX Femenil,2026,OVER_2_5,COMPETITION,INSUFFICIENT_DATA,N_BELOW_15,7,0.009898487639759451,0.016426821033577177,False,False
FOOTBALL,339,Liga Nacional,2026,1X2,COMPETITION,INSUFFICIENT_DATA,N_BELOW_15,1,-0.29944505853098563,-0.413807266766855,False,False
FOOTBALL,339,Liga Nacional,2026,OVER_2_5,COMPETITION,INSUFFICIENT_DATA,N_BELOW_15,1,0.014930108256367036,0.030138860659203903,False,False
FOOTBALL,304,Liga Panameña de Fútbol,2026,1X2,COMPETITION,INSUFFICIENT_DATA,N_BELOW_15,2,-0.10244546518273412,-0.14348720752194088,False,False
FOOTBALL,304,Liga Panameña de Fútbol,2026,OVER_2_5,COMPETITION,INSUFFICIENT_DATA,N_BELOW_15,2,0.0009757847169773459,0.002096423983241169,False,False
FOOTBALL,128,Liga Profesional Argentina,2026,1X2,COMPETITION,INSUFFICIENT_DATA,N_BELOW_15,4,-0.011138005439077836,-0.01455610645961014,False,False
FOOTBALL,128,Liga Profesional Argentina,2026,OVER_2_5,COMPETITION,INSUFFICIENT_DATA,N_BELOW_15,4,0.003595719502630712,0.006858739964047289,False,False
FOOTBALL,701,Liga Revelação U23,2026,1X2,COMPETITION,INSUFFICIENT_DATA,N_BELOW_15,2,0.03833139560004861,0.03322837047781668,False,False
FOOTBALL,701,Liga Revelação U23,2026,OVER_2_5,COMPETITION,INSUFFICIENT_DATA,N_BELOW_15,2,0.003953355973690509,0.00792018444452669,False,False
FOOTBALL,163,Liga de Ascenso,2026,1X2,COMPETITION,INSUFFICIENT_DATA,N_BELOW_15,1,0.26194071423701815,0.4259337535877077,False,False
FOOTBALL,163,Liga de Ascenso,2026,OVER_2_5,COMPETITION,INSUFFICIENT_DATA,N_BELOW_15,1,0.02008649055025627,0.04049630479107813,False,False
FOOTBALL,263,Liga de Expansión MX,2026,1X2,COMPETITION,INSUFFICIENT_DATA,N_BELOW_15,3,0.08819164649636846,0.09261959315044455,False,False
FOOTBALL,263,Liga de Expansión MX,2026,OVER_2_5,COMPETITION,INSUFFICIENT_DATA,N_BELOW_15,3,0.0050354383398480695,0.01400347713820782,False,False
FOOTBALL,187,Ligue 2,2026,1X2,COMPETITION,INSUFFICIENT_DATA,N_BELOW_15,4,0.0017721021971728312,-0.03715248490271805,False,False
FOOTBALL,187,Ligue 2,2026,OVER_2_5,COMPETITION,INSUFFICIENT_DATA,N_BELOW_15,4,0.006557597544295135,0.010420580205857677,False,False
FOOTBALL,63,Ligue 3,2026,1X2,COMPETITION,INSUFFICIENT_DATA,N_BELOW_15,8,-0.06410574347475329,-0.08861574112553494,False,False
FOOTBALL,63,Ligue 3,2026,OVER_2_5,COMPETITION,INSUFFICIENT_DATA,N_BELOW_15,8,-0.024926869073619906,-0.05736088952213547,False,False
FOOTBALL,253,Major League Soccer,2026,1X2,COMPETITION,INSUFFICIENT_DATA,N_BELOW_15,1,-0.14267333426363688,-0.19237987322299965,False,False
FOOTBALL,253,Major League Soccer,2026,OVER_2_5,COMPETITION,INSUFFICIENT_DATA,N_BELOW_15,1,0.00505834369996952,0.011004831045688723,False,False
FOOTBALL,1107,Mineiro U20,2026,1X2,COMPETITION,INSUFFICIENT_DATA,N_BELOW_15,2,0.1070356611471599,0.10947365412734644,False,False
FOOTBALL,1107,Mineiro U20,2026,OVER_2_5,COMPETITION,INSUFFICIENT_DATA,N_BELOW_15,2,0.013971280517592471,0.02959186257616464,False,False
FOOTBALL,633,NB III - Northeast,2026,1X2,COMPETITION,INSUFFICIENT_DATA,N_BELOW_15,8,0.03524150413589966,0.09202977319495964,False,False
FOOTBALL,633,NB III - Northeast,2026,OVER_2_5,COMPETITION,INSUFFICIENT_DATA,N_BELOW_15,8,0.007329316815413045,0.017732674084318223,False,False
FOOTBALL,634,NB III - Southwest,2026,1X2,COMPETITION,INSUFFICIENT_DATA,N_BELOW_15,7,-0.15311300285741342,-0.20250711021479373,False,False
FOOTBALL,634,NB III - Southwest,2026,OVER_2_5,COMPETITION,INSUFFICIENT_DATA,N_BELOW_15,7,-0.0053187505080778685,-0.013196869662912558,False,False
FOOTBALL,399,NPFL,2027,1X2,COMPETITION,INSUFFICIENT_DATA,N_BELOW_15,9,-0.24176174268988443,-0.353790988272352,False,False
FOOTBALL,399,NPFL,2027,OVER_2_5,COMPETITION,INSUFFICIENT_DATA,N_BELOW_15,9,0.003765059422258299,0.00876403361990541,False,False
FOOTBALL,254,NWSL Women,2026,1X2,COMPETITION,INSUFFICIENT_DATA,N_BELOW_15,1,-0.010593063598637431,-0.0438988634106563,False,False
FOOTBALL,254,NWSL Women,2026,OVER_2_5,COMPETITION,INSUFFICIENT_DATA,N_BELOW_15,1,-0.04379329311640956,-0.08782669936133292,False,False
FOOTBALL,67,National 2 - Group A,2026,1X2,COMPETITION,INSUFFICIENT_DATA,N_BELOW_15,8,0.02437527527095351,0.039743854872828166,False,False
FOOTBALL,67,National 2 - Group A,2026,OVER_2_5,COMPETITION,INSUFFICIENT_DATA,N_BELOW_15,8,0.0066724882807264185,0.015147575864403628,False,False
FOOTBALL,68,National 2 - Group B,2026,1X2,COMPETITION,INSUFFICIENT_DATA,N_BELOW_15,8,-0.008455455395412481,-0.011191675347016261,False,False
FOOTBALL,68,National 2 - Group B,2026,OVER_2_5,COMPETITION,INSUFFICIENT_DATA,N_BELOW_15,8,-0.01815012354070278,-0.03589440244449971,False,False
FOOTBALL,69,National 2 - Group C,2026,1X2,COMPETITION,INSUFFICIENT_DATA,N_BELOW_15,3,-0.03013817329534829,-0.06426352867828511,False,False
FOOTBALL,69,National 2 - Group C,2026,OVER_2_5,COMPETITION,INSUFFICIENT_DATA,N_BELOW_15,3,-0.011346984400989912,-0.022900781880180077,False,False
FOOTBALL,58,Non League Premier - Isthmian,2026,1X2,COMPETITION,INSUFFICIENT_DATA,N_BELOW_15,3,-0.08291479006016944,-0.13638527974024228,False,False
FOOTBALL,58,Non League Premier - Isthmian,2026,OVER_2_5,COMPETITION,INSUFFICIENT_DATA,N_BELOW_15,3,-0.011237999820028682,-0.023468043703818497,False,False
FOOTBALL,59,Non League Premier - Northern,2026,1X2,COMPETITION,INSUFFICIENT_DATA,N_BELOW_15,4,-0.03919654360524799,-0.09049049023653322,False,False
FOOTBALL,59,Non League Premier - Northern,2026,OVER_2_5,COMPETITION,INSUFFICIENT_DATA,N_BELOW_15,4,0.01231494677470249,0.026024460743426348,False,False
FOOTBALL,60,Non League Premier - Southern South,2026,1X2,COMPETITION,INSUFFICIENT_DATA,N_BELOW_15,9,-0.054664113936169545,-0.052636644280519285,False,False
FOOTBALL,60,Non League Premier - Southern South,2026,OVER_2_5,COMPETITION,INSUFFICIENT_DATA,N_BELOW_15,9,-0.004973387066244395,-0.011724218541213194,False,False
FOOTBALL,753,Oberliga - Baden-Württemberg,2026,1X2,COMPETITION,INSUFFICIENT_DATA,N_BELOW_15,7,-0.025915530462691683,-0.04009432978792837,False,False
FOOTBALL,753,Oberliga - Baden-Württemberg,2026,OVER_2_5,COMPETITION,INSUFFICIENT_DATA,N_BELOW_15,7,-0.00814018051748816,-0.017335307844607906,False,False
FOOTBALL,938,Oberliga - Bayern Nord,2026,1X2,COMPETITION,INSUFFICIENT_DATA,N_BELOW_15,3,0.09676079777067714,0.20718855719628682,False,False
FOOTBALL,938,Oberliga - Bayern Nord,2026,OVER_2_5,COMPETITION,INSUFFICIENT_DATA,N_BELOW_15,3,-0.024941170857642858,-0.05745308348651501,False,False
FOOTBALL,939,Oberliga - Bayern Süd,2026,OVER_2_5,COMPETITION,INSUFFICIENT_DATA,RADAR_PRIORITY_WITHOUT_15_PROSPECTIVE_SETTLED_OBSERVATIONS,0,,,False,False
FOOTBALL,745,Oberliga - Hamburg,2026,1X2,COMPETITION,INSUFFICIENT_DATA,N_BELOW_15,5,-0.03187660134400855,-0.023164122887814997,False,False
FOOTBALL,745,Oberliga - Hamburg,2026,OVER_2_5,COMPETITION,INSUFFICIENT_DATA,N_BELOW_15,5,-0.006999877645215535,-0.008829792055469299,False,False
FOOTBALL,750,Oberliga - Hessen,2026,OVER_2_5,COMPETITION,INSUFFICIENT_DATA,RADAR_PRIORITY_WITHOUT_15_PROSPECTIVE_SETTLED_OBSERVATIONS,0,,,False,False
FOOTBALL,746,Oberliga - Mittelrhein,2026,1X2,COMPETITION,INSUFFICIENT_DATA,N_BELOW_15,6,-0.04552669870514792,-0.05760931374317446,False,False
FOOTBALL,746,Oberliga - Mittelrhein,2026,OVER_2_5,COMPETITION,INSUFFICIENT_DATA,N_BELOW_15,6,0.04439229204922923,0.09478423819625925,False,False
FOOTBALL,751,Oberliga - Niederrhein,2026,1X2,COMPETITION,INSUFFICIENT_DATA,N_BELOW_15,6,-0.005851393914538372,-0.02365263712335719,False,False
FOOTBALL,751,Oberliga - Niederrhein,2026,OVER_2_5,COMPETITION,INSUFFICIENT_DATA,N_BELOW_15,6,0.002426605745053101,0.006255567110939553,False,False
FOOTBALL,748,Oberliga - Niedersachsen,2026,OVER_2_5,COMPETITION,INSUFFICIENT_DATA,RADAR_PRIORITY_WITHOUT_15_PROSPECTIVE_SETTLED_OBSERVATIONS,0,,,False,False
FOOTBALL,752,Oberliga - Rheinland-Pfalz / Saar,2026,OVER_2_5,COMPETITION,INSUFFICIENT_DATA,RADAR_PRIORITY_WITHOUT_15_PROSPECTIVE_SETTLED_OBSERVATIONS,0,,,False,False
FOOTBALL,744,Oberliga - Schleswig-Holstein,2026,1X2,COMPETITION,INSUFFICIENT_DATA,N_BELOW_15,7,-0.02099727952396252,-0.04578306028209367,False,False
FOOTBALL,744,Oberliga - Schleswig-Holstein,2026,OVER_2_5,COMPETITION,INSUFFICIENT_DATA,N_BELOW_15,7,0.004595043785092207,0.011426686514049378,False,False
FOOTBALL,747,Oberliga - Westfalen,2026,1X2,COMPETITION,INSUFFICIENT_DATA,N_BELOW_15,7,0.05116694989057413,0.057066161382011926,False,False
FOOTBALL,747,Oberliga - Westfalen,2026,OVER_2_5,COMPETITION,INSUFFICIENT_DATA,N_BELOW_15,7,0.014446213030139071,0.03579953091558613,False,False
FOOTBALL,1037,Paraibano 2,2026,1X2,COMPETITION,INSUFFICIENT_DATA,N_BELOW_15,1,-0.04196976889398263,0.06639560009241663,False,False
FOOTBALL,1037,Paraibano 2,2026,OVER_2_5,COMPETITION,INSUFFICIENT_DATA,N_BELOW_15,1,-0.012760894250838622,-0.026147553108957222,False,False
FOOTBALL,110,Premier League,2026,1X2,COMPETITION,INSUFFICIENT_DATA,N_BELOW_15,8,-0.05044143989396299,-0.12454783039188666,False,False
FOOTBALL,110,Premier League,2026,OVER_2_5,COMPETITION,INSUFFICIENT_DATA,N_BELOW_15,8,0.0009988692644886665,-0.006075076072324381,False,False
FOOTBALL,871,Premier League Cup,2026,1X2,COMPETITION,INSUFFICIENT_DATA,N_BELOW_15,1,0.02498031807265,-0.06094960980656583,False,False
FOOTBALL,871,Premier League Cup,2026,OVER_2_5,COMPETITION,INSUFFICIENT_DATA,N_BELOW_15,1,-0.05402483239416331,-0.10970432331742108,False,False
FOOTBALL,1227,Premier League Women,2027,OVER_2_5,COMPETITION,INSUFFICIENT_DATA,RADAR_PRIORITY_WITHOUT_15_PROSPECTIVE_SETTLED_OBSERVATIONS,0,,,False,False
FOOTBALL,239,Primera A,2026,1X2,COMPETITION,INSUFFICIENT_DATA,N_BELOW_15,5,-0.03608511403208936,-0.04793622430132194,False,False
FOOTBALL,239,Primera A,2026,OVER_2_5,COMPETITION,INSUFFICIENT_DATA,N_BELOW_15,5,-0.012858777494246243,-0.02635546796044641,False,False
FOOTBALL,240,Primera B,2026,1X2,COMPETITION,INSUFFICIENT_DATA,N_BELOW_15,4,-0.05746431064361163,-0.07758006058449629,False,False
FOOTBALL,240,Primera B,2026,OVER_2_5,COMPETITION,INSUFFICIENT_DATA,N_BELOW_15,4,-0.004219359264363787,-0.01340210223133087,False,False
FOOTBALL,131,Primera B Metropolitana,2026,1X2,COMPETITION,INSUFFICIENT_DATA,N_BELOW_15,1,0.06070499676549146,0.08475699539588566,False,False
FOOTBALL,131,Primera B Metropolitana,2026,OVER_2_5,COMPETITION,INSUFFICIENT_DATA,N_BELOW_15,1,0.0387756447668246,0.08275563005108266,False,False
FOOTBALL,132,Primera C,2026,1X2,COMPETITION,INSUFFICIENT_DATA,N_BELOW_15,3,0.04169912806934839,0.06418706038839939,False,False
FOOTBALL,132,Primera C,2026,OVER_2_5,COMPETITION,INSUFFICIENT_DATA,N_BELOW_15,3,-0.012961333605587627,-0.029952264474305546,False,False
FOOTBALL,370,Primera Division,2026,1X2,COMPETITION,INSUFFICIENT_DATA,N_BELOW_15,5,-0.03747119253358189,-0.06382597529201073,False,False
FOOTBALL,370,Primera Division,2026,OVER_2_5,COMPETITION,INSUFFICIENT_DATA,N_BELOW_15,5,0.003801580695866391,0.007927904373579042,False,False
FOOTBALL,268,Primera División,2026,1X2,COMPETITION,INSUFFICIENT_DATA,N_BELOW_15,2,-0.045428719022409914,-0.06645762834681301,False,False
FOOTBALL,268,Primera División,2026,OVER_2_5,COMPETITION,INSUFFICIENT_DATA,N_BELOW_15,2,0.022304937053823748,0.0462186518282891,False,False
FOOTBALL,344,Primera División,2026,OVER_2_5,COMPETITION,INSUFFICIENT_DATA,RADAR_PRIORITY_WITHOUT_15_PROSPECTIVE_SETTLED_OBSERVATIONS,0,,,False,False
FOOTBALL,129,Primera Nacional,2026,1X2,COMPETITION,INSUFFICIENT_DATA,N_BELOW_15,10,-0.0036329402984095482,-0.016104093642546502,False,False
FOOTBALL,129,Primera Nacional,2026,OVER_2_5,COMPETITION,INSUFFICIENT_DATA,N_BELOW_15,10,-0.014109234036127183,-0.041523943005324915,False,False
FOOTBALL,1242,Primera Premier,2026,1X2,COMPETITION,INSUFFICIENT_DATA,N_BELOW_15,1,0.10741164241300605,0.22930373706651763,False,False
FOOTBALL,1242,Primera Premier,2026,OVER_2_5,COMPETITION,INSUFFICIENT_DATA,N_BELOW_15,1,0.0008612451686959566,0.0017779149066987632,False,False
FOOTBALL,703,Professional Development League,2026,1X2,COMPETITION,INSUFFICIENT_DATA,N_BELOW_15,1,-0.12515981479377358,-0.16974319044685215,False,False
FOOTBALL,703,Professional Development League,2026,OVER_2_5,COMPETITION,INSUFFICIENT_DATA,N_BELOW_15,1,-0.01648037600530365,-0.038705000047314086,False,False
FOOTBALL,287,Prva Liga,2026,1X2,COMPETITION,INSUFFICIENT_DATA,N_BELOW_15,5,-0.02336346469472972,-0.025429043263025308,False,False
FOOTBALL,287,Prva Liga,2026,OVER_2_5,COMPETITION,INSUFFICIENT_DATA,N_BELOW_15,5,-0.0036442701408101463,-0.007894359732578904,False,False
FOOTBALL,83,Regionalliga - Bayern,2026,1X2,COMPETITION,INSUFFICIENT_DATA,N_BELOW_15,7,-0.048176812953768744,-0.06903559400209036,False,False
FOOTBALL,83,Regionalliga - Bayern,2026,OVER_2_5,COMPETITION,INSUFFICIENT_DATA,N_BELOW_15,7,0.009534419208289097,0.01939129662796657,False,False
FOOTBALL,84,Regionalliga - Nord,2026,OVER_2_5,COMPETITION,INSUFFICIENT_DATA,RADAR_PRIORITY_WITHOUT_15_PROSPECTIVE_SETTLED_OBSERVATIONS,0,,,False,False
FOOTBALL,221,Regionalliga - Ost,2026,1X2,COMPETITION,INSUFFICIENT_DATA,N_BELOW_15,4,0.09140511789820926,0.11938079596652873,False,False
FOOTBALL,221,Regionalliga - Ost,2026,OVER_2_5,COMPETITION,INSUFFICIENT_DATA,N_BELOW_15,4,-0.02131393808125248,-0.055495127689706325,False,False
FOOTBALL,1238,Regionalliga - South,2026,1X2,COMPETITION,INSUFFICIENT_DATA,N_BELOW_15,6,-0.02987493679908526,-0.03800249416488244,False,False
FOOTBALL,1238,Regionalliga - South,2026,OVER_2_5,COMPETITION,INSUFFICIENT_DATA,N_BELOW_15,6,-0.015347508841430851,-0.02996741288931226,False,False
FOOTBALL,86,Regionalliga - SudWest,2026,OVER_2_5,COMPETITION,INSUFFICIENT_DATA,RADAR_PRIORITY_WITHOUT_15_PROSPECTIVE_SETTLED_OBSERVATIONS,0,,,False,False
FOOTBALL,223,Regionalliga - West,2026,1X2,COMPETITION,INSUFFICIENT_DATA,N_BELOW_15,7,0.042412245932276715,0.05809057486953839,False,False
FOOTBALL,223,Regionalliga - West,2026,OVER_2_5,COMPETITION,INSUFFICIENT_DATA,N_BELOW_15,7,-0.013009835395368569,-0.02577590260418461,False,False
FOOTBALL,87,Regionalliga - West,2026,OVER_2_5,COMPETITION,INSUFFICIENT_DATA,RADAR_PRIORITY_WITHOUT_15_PROSPECTIVE_SETTLED_OBSERVATIONS,0,,,False,False
FOOTBALL,906,Reserve League,2026,1X2,COMPETITION,INSUFFICIENT_DATA,N_BELOW_15,6,-0.09741455798887366,-0.13535033895737558,False,False
FOOTBALL,906,Reserve League,2026,OVER_2_5,COMPETITION,INSUFFICIENT_DATA,N_BELOW_15,6,-0.016096835001037257,-0.033692143418425635,False,False
FOOTBALL,887,Second League,2026,1X2,COMPETITION,INSUFFICIENT_DATA,N_BELOW_15,6,-0.04400663852244868,-0.07171807650001072,False,False
FOOTBALL,887,Second League,2026,OVER_2_5,COMPETITION,INSUFFICIENT_DATA,N_BELOW_15,6,-0.017277009808063903,-0.04643150628996773,False,False
FOOTBALL,651,Second League - Group 1,2026,1X2,COMPETITION,INSUFFICIENT_DATA,N_BELOW_15,7,-0.11226358303430234,-0.19156458623392858,False,False
FOOTBALL,651,Second League - Group 1,2026,OVER_2_5,COMPETITION,INSUFFICIENT_DATA,N_BELOW_15,7,0.015543599758440774,0.031941330146914915,False,False
FOOTBALL,650,Second League - Group 3,2026,1X2,COMPETITION,INSUFFICIENT_DATA,N_BELOW_15,7,-0.021658725969538772,-0.026584282714802843,False,False
FOOTBALL,650,Second League - Group 3,2026,OVER_2_5,COMPETITION,INSUFFICIENT_DATA,N_BELOW_15,7,-0.0009935123528684864,-0.001832004772511997,False,False
FOOTBALL,653,Second League - Group 4,2026,1X2,COMPETITION,INSUFFICIENT_DATA,N_BELOW_15,6,-0.026780865544212218,-0.056885201961239584,False,False
FOOTBALL,653,Second League - Group 4,2026,OVER_2_5,COMPETITION,INSUFFICIENT_DATA,N_BELOW_15,6,-0.0005704674315594738,-0.0024737131161366444,False,False
FOOTBALL,946,Second NL,2026,1X2,COMPETITION,INSUFFICIENT_DATA,N_BELOW_15,7,0.008531130817600374,0.01989696763019122,False,False
FOOTBALL,946,Second NL,2026,OVER_2_5,COMPETITION,INSUFFICIENT_DATA,N_BELOW_15,7,-0.010571886723926227,-0.0248039378784477,False,False
FOOTBALL,141,Segunda División,2026,1X2,COMPETITION,INSUFFICIENT_DATA,N_BELOW_15,1,-0.05202185353524369,-0.06485712773968189,False,False
FOOTBALL,269,Segunda División,2026,1X2,COMPETITION,INSUFFICIENT_DATA,N_BELOW_15,2,-0.03221815229041791,-0.05211539804811194,False,False
FOOTBALL,141,Segunda División,2026,OVER_2_5,COMPETITION,INSUFFICIENT_DATA,N_BELOW_15,1,0.028875041977092897,0.06226702100889031,False,False
FOOTBALL,269,Segunda División,2026,OVER_2_5,COMPETITION,INSUFFICIENT_DATA,N_BELOW_15,2,0.0027380601953391204,0.005755269786714257,False,False
FOOTBALL,72,Serie B,2026,1X2,COMPETITION,INSUFFICIENT_DATA,N_BELOW_15,7,-0.0007507339417682779,-0.005003335179317836,False,False
FOOTBALL,72,Serie B,2026,OVER_2_5,COMPETITION,INSUFFICIENT_DATA,N_BELOW_15,7,0.010325857558611845,0.021499707265167478,False,False
FOOTBALL,426,Serie D - Girone A,2026,1X2,COMPETITION,INSUFFICIENT_DATA,N_BELOW_15,7,-0.001336216250678035,-0.008588218621726096,False,False
FOOTBALL,426,Serie D - Girone A,2026,OVER_2_5,COMPETITION,INSUFFICIENT_DATA,N_BELOW_15,7,0.007664415528854246,0.015391117277464783,False,False
FOOTBALL,427,Serie D - Girone B,2026,1X2,COMPETITION,INSUFFICIENT_DATA,N_BELOW_15,8,-0.004147505778314353,-0.01310495257993094,False,False
FOOTBALL,427,Serie D - Girone B,2026,OVER_2_5,COMPETITION,INSUFFICIENT_DATA,N_BELOW_15,8,-0.026399149347713202,-0.062032299741805796,False,False
FOOTBALL,428,Serie D - Girone C,2026,1X2,COMPETITION,INSUFFICIENT_DATA,N_BELOW_15,7,0.002627030080715187,0.004590085860752047,False,False
FOOTBALL,428,Serie D - Girone C,2026,OVER_2_5,COMPETITION,INSUFFICIENT_DATA,N_BELOW_15,7,-0.019723161325971406,-0.05899858442255268,False,False
FOOTBALL,429,Serie D - Girone D,2026,1X2,COMPETITION,INSUFFICIENT_DATA,N_BELOW_15,6,0.018398975615254942,0.050225792867014896,False,False
FOOTBALL,429,Serie D - Girone D,2026,OVER_2_5,COMPETITION,INSUFFICIENT_DATA,N_BELOW_15,6,-0.03940939732377957,-0.08386853355409318,False,False
FOOTBALL,430,Serie D - Girone E,2026,1X2,COMPETITION,INSUFFICIENT_DATA,N_BELOW_15,9,0.029503249390314457,0.040412780594065056,False,False
FOOTBALL,430,Serie D - Girone E,2026,OVER_2_5,COMPETITION,INSUFFICIENT_DATA,N_BELOW_15,9,0.005147859903431418,0.010699827973827625,False,False
FOOTBALL,431,Serie D - Girone F,2026,1X2,COMPETITION,INSUFFICIENT_DATA,N_BELOW_15,8,-0.023493712900135688,-0.04294884215199246,False,False
FOOTBALL,431,Serie D - Girone F,2026,OVER_2_5,COMPETITION,INSUFFICIENT_DATA,N_BELOW_15,8,0.00250320250217384,0.004006477480646753,False,False
FOOTBALL,432,Serie D - Girone G,2026,1X2,COMPETITION,INSUFFICIENT_DATA,N_BELOW_15,9,-0.007461515818713349,-0.01474856713978423,False,False
FOOTBALL,432,Serie D - Girone G,2026,OVER_2_5,COMPETITION,INSUFFICIENT_DATA,N_BELOW_15,9,0.008430990912708602,0.01687239215488867,False,False
FOOTBALL,433,Serie D - Girone H,2026,1X2,COMPETITION,INSUFFICIENT_DATA,N_BELOW_15,9,-0.1263001421395864,-0.15461522362066427,False,False
FOOTBALL,433,Serie D - Girone H,2026,OVER_2_5,COMPETITION,INSUFFICIENT_DATA,N_BELOW_15,9,0.006568725830427891,0.013525471137070588,False,False
FOOTBALL,434,Serie D - Girone I,2026,1X2,COMPETITION,INSUFFICIENT_DATA,N_BELOW_15,9,-0.12610006251827932,-0.24626632873501264,False,False
FOOTBALL,434,Serie D - Girone I,2026,OVER_2_5,COMPETITION,INSUFFICIENT_DATA,N_BELOW_15,9,-0.027763896396448384,-0.06302779112105028,False,False
FOOTBALL,494,Super League 2,2026,1X2,COMPETITION,INSUFFICIENT_DATA,N_BELOW_15,2,-0.43848480742768453,-0.6249511956377257,False,False
FOOTBALL,494,Super League 2,2026,OVER_2_5,COMPETITION,INSUFFICIENT_DATA,N_BELOW_15,2,0.025374398229883716,0.052566894576481005,False,False
FOOTBALL,1243,Super League Women,2026,1X2,COMPETITION,INSUFFICIENT_DATA,N_BELOW_15,1,0.3389488072779724,0.6445797391467887,False,False
FOOTBALL,1243,Super League Women,2026,OVER_2_5,COMPETITION,INSUFFICIENT_DATA,N_BELOW_15,1,-0.006412740040730669,-0.012833699200135329,False,False
FOOTBALL,178,Third League - Southwest,2026,1X2,COMPETITION,INSUFFICIENT_DATA,N_BELOW_15,4,-0.04943041114288482,-0.11112684302359566,False,False
FOOTBALL,178,Third League - Southwest,2026,OVER_2_5,COMPETITION,INSUFFICIENT_DATA,N_BELOW_15,4,0.027050918762671433,0.05854665515542701,False,False
FOOTBALL,1067,Torneo Promocional Amateur,2026,1X2,COMPETITION,INSUFFICIENT_DATA,N_BELOW_15,2,0.19863786363116287,0.38932743445805884,False,False
FOOTBALL,1067,Torneo Promocional Amateur,2026,OVER_2_5,COMPETITION,INSUFFICIENT_DATA,N_BELOW_15,2,-0.03182270448213825,-0.06379453567534699,False,False
FOOTBALL,492,Tweede Divisie,2026,1X2,COMPETITION,INSUFFICIENT_DATA,N_BELOW_15,9,-0.02082887158815827,-0.055129015954710314,False,False
FOOTBALL,492,Tweede Divisie,2026,OVER_2_5,COMPETITION,INSUFFICIENT_DATA,N_BELOW_15,9,-0.017165292673465254,-0.03378741204100799,False,False
FOOTBALL,488,U19 Bundesliga,2026,OVER_2_5,COMPETITION,INSUFFICIENT_DATA,RADAR_PRIORITY_WITHOUT_15_PROSPECTIVE_SETTLED_OBSERVATIONS,0,,,False,False
FOOTBALL,850,UEFA U21 Championship - Qualification,2027,1X2,COMPETITION,INSUFFICIENT_DATA,N_BELOW_15,12,0.002590569164095724,0.031033547056859345,False,False
FOOTBALL,850,UEFA U21 Championship - Qualification,2027,OVER_2_5,COMPETITION,INSUFFICIENT_DATA,N_BELOW_15,12,-0.040489104451930436,-0.09475378054847805,False,False
FOOTBALL,255,USL Championship,2026,1X2,COMPETITION,INSUFFICIENT_DATA,N_BELOW_15,10,0.005106110411053022,0.010495890508942951,False,False
FOOTBALL,255,USL Championship,2026,OVER_2_5,COMPETITION,INSUFFICIENT_DATA,N_BELOW_15,10,0.015564929202386502,0.03169077122354258,False,False
FOOTBALL,489,USL League One,2026,1X2,COMPETITION,INSUFFICIENT_DATA,N_BELOW_15,8,-0.07390164220615325,-0.09451569141926375,False,False
FOOTBALL,489,USL League One,2026,OVER_2_5,COMPETITION,INSUFFICIENT_DATA,N_BELOW_15,8,-0.00033041475205003445,-4.957310652553559e-05,False,False
FOOTBALL,1130,USL Super League,2026,1X2,COMPETITION,INSUFFICIENT_DATA,N_BELOW_15,1,0.273630120819673,0.620477586872022,False,False
FOOTBALL,1130,USL Super League,2026,OVER_2_5,COMPETITION,INSUFFICIENT_DATA,N_BELOW_15,1,0.03842987026931258,0.07689778699070227,False,False
FOOTBALL,660,WK-League,2026,1X2,COMPETITION,INSUFFICIENT_DATA,N_BELOW_15,2,-0.10342868891555446,-0.14643988598997854,False,False
FOOTBALL,660,WK-League,2026,OVER_2_5,COMPETITION,INSUFFICIENT_DATA,N_BELOW_15,2,-0.044556918503614096,-0.09646988237043086,False,False
FOOTBALL,ALL,ALL_COMPETITIONS,MIXED,BTTS,GLOBAL_MARKET,NO_GO,FORMAL_GOVERNANCE_NO_GO,0,,,False,False
FOOTBALL,ALL,ALL_COMPETITIONS,MIXED,CORNERS_V3,GLOBAL_MARKET,NO_GO,FORMAL_GOVERNANCE_NO_GO,0,,,False,False
FOOTBALL,ALL,ALL_COMPETITIONS,MIXED,TEAM_GOALKEEPER_SAVES_V3,GLOBAL_MARKET,NO_GO,FORMAL_GOVERNANCE_NO_GO,0,,,False,False
FOOTBALL,ALL,ALL_COMPETITIONS,MIXED,TEAM_SHOTS_ON_TARGET_V3,GLOBAL_MARKET,NO_GO,FORMAL_GOVERNANCE_NO_GO,0,,,False,False
FOOTBALL,ALL,ALL_COMPETITIONS,MIXED,TEAM_YELLOW_CARDS_V3,GLOBAL_MARKET,NO_GO,FORMAL_GOVERNANCE_NO_GO,0,,,False,False
TENNIS,ATP_CHALLENGER_HARD,ATP Challenger Hard,2026,MATCH_WINNER,DOMAIN,INSUFFICIENT_DATA,ACTIVE_PROSPECTIVE_CALIBRATION_BUT_METRICS_SEALED_UNTIL_600,102,,,False,False
TENNIS,ATP Challenger Saint-Tropez,ATP Challenger Saint-Tropez,2026,MATCH_WINNER,COMPETITION,INSUFFICIENT_DATA,METRICS_SEALED_UNTIL_600,6,,,False,False
TENNIS,ATP Challenger San Diego 2,ATP Challenger San Diego 2,2026,MATCH_WINNER,COMPETITION,INSUFFICIENT_DATA,METRICS_SEALED_UNTIL_600,4,,,False,False
TENNIS,Columbus Challenger,Columbus Challenger,2026,MATCH_WINNER,COMPETITION,INSUFFICIENT_DATA,METRICS_SEALED_UNTIL_600,4,,,False,False
TENNIS,Jingshan,Jingshan,2026,MATCH_WINNER,COMPETITION,INSUFFICIENT_DATA,METRICS_SEALED_UNTIL_600,1,,,False,False
TENNIS,Jingshan Challenger,Jingshan Challenger,2026,MATCH_WINNER,COMPETITION,INSUFFICIENT_DATA,METRICS_SEALED_UNTIL_600,23,,,False,False
TENNIS,Mouilleron-Le-Captif Challenger,Mouilleron-Le-Captif Challenger,2026,MATCH_WINNER,COMPETITION,INSUFFICIENT_DATA,METRICS_SEALED_UNTIL_600,5,,,False,False
TENNIS,Porto,Porto,2026,MATCH_WINNER,COMPETITION,INSUFFICIENT_DATA,METRICS_SEALED_UNTIL_600,1,,,False,False
TENNIS,Porto Challenger,Porto Challenger,2026,MATCH_WINNER,COMPETITION,INSUFFICIENT_DATA,METRICS_SEALED_UNTIL_600,25,,,False,False
TENNIS,Villena Challenger,Villena Challenger,2026,MATCH_WINNER,COMPETITION,INSUFFICIENT_DATA,METRICS_SEALED_UNTIL_600,18,,,False,False
TENNIS,Wuning 3 (China) - Qualification,Wuning 3 (China) - Qualification,2026,MATCH_WINNER,COMPETITION,INSUFFICIENT_DATA,METRICS_SEALED_UNTIL_600,6,,,False,False
TENNIS,Wuning 3 Challenger,Wuning 3 Challenger,2026,MATCH_WINNER,COMPETITION,INSUFFICIENT_DATA,METRICS_SEALED_UNTIL_600,9,,,False,False
